INSERT INTO worker (id, name, birthday, level, salary) VALUES
(1, 'Андрій Коваленко', DATE '1991-10-15', 'Trainee', 500.00),
(2, 'Марія Іваненко', DATE '1993-08-23', 'Trainee', 200.00),
(3, 'Олександр Шевченко', DATE '1995-03-09', 'Trainee', 300.00),
(4, 'Катерина Бондар', DATE '1998-11-28', 'Junior', 700.00),
(5, 'Сергій Мельник', DATE '2003-03-02', 'Middle', 5000.75),
(6,'Наталія Ткаченко', DATE '1994-12-23', 'Middle', 6000.33),
(7, 'Віктор Пономаренко', DATE '1996-03-05', 'Senior', 9000.99),
(8, 'Олена Романенко', DATE '2000-10-15', 'Senior', 8300.98),
(9, 'Дмитро Савченко', DATE '2003-03-02', 'Senior', 9000.99),
(10, 'Юлія Кузьменко', DATE '2001-07-23', 'Middle', 3700.70);


INSERT INTO client (id, name) VALUES
(1, 'Ірина Павленко'),
(2, 'Максим Гончаренко'),
(3, 'Тетяна Литвин'),
(4, 'Павло Кравченко'),
(5, 'Оксана Яценко');


INSERT INTO project (id, client_id, start_date, finish_date) VALUES
(1, 1, DATE '2023-01-15', DATE '2031-05-15'),
(2, 2, DATE '2022-03-10', DATE '2023-02-10'),
(3, 3, DATE '2021-07-01', DATE '2028-08-01'),
(4, 4, DATE '2024-01-20', DATE '2025-06-20'),
(5, 5, DATE '2020-11-05', DATE '2021-08-05'),
(6, 3, DATE '2023-05-12', DATE '2029-06-12'),
(7, 4, DATE '2022-09-25', DATE '2023-12-25'),
(8, 5, DATE '2021-02-15', DATE '2029-06-15'),
(9, 2, DATE '2024-03-01', DATE '2025-10-01'),
(10, 2, DATE '2020-06-10', DATE '2027-04-10');


INSERT INTO project_worker (project_id, worker_id) VALUES
-- Проєкт 1
(1, 1), (1, 2), (1, 3), (1, 4), (1, 5),
-- Проєкт 2
(2, 2), (2, 3), (2, 6), (2, 7),
-- Проєкт 3
(3, 1), (3, 5), (3, 8), (3, 9),
-- Проєкт 4
(4, 3), (4, 4), (4, 10),
-- Проєкт 5
(5, 6), (5, 7), (5, 8), (5, 1),
-- Проєкт 6
(6, 2), (6, 9), (6, 10),
-- Проєкт 7
(7, 1), (7, 3), (7, 5), (7, 7), (7, 9),
-- Проєкт 8
(8, 4), (8, 6), (8, 8),
-- Проєкт 9
(9, 2), (9, 5), (9, 10),
-- Проєкт 10
(10, 1), (10, 3), (10, 6), (10, 8);
